"","chr","genomic_pos","obs","ref","strand","first_in_pair","read_index","fragment_size","ctx_minus1","ctx_plus1","trinucleotide_ctx","trinucleotide_ctx_strand","context11","local_complexity_1","local_complexity_2","local_GC","umi_count","umi_errors","n_other_errors","n_insertions_in_read","n_deletions_in_read"
"1","chr4",152326274,"C","C","rev",1,35,122,"C","C","CCC","CCC_rev","AAAACCCACGT",0.50474814088623,0.736451625318509,0.454545454545455,14,0,0,0,0
"2","chr10",113165436,"G","G","fwd",0,93,331,"G","C","GGC","GGC_fwd","ACTGGGCGTGC",0.538822341779403,0.819382002601611,0.727272727272727,10,0,4,0,0
"3","chr10",113141192,"A","A","rev",1,63,182,"A","G","AAG","AAG_rev","AACAAAGTGCC",0.538822341779403,0.856863623584101,0.454545454545455,19,1,0,0,0
"4","chr5",112828838,"A","A","rev",0,4,166,"A","A","AAA","AAA_rev","ATCTAAAATTG",0.50474814088623,0.796657624451305,0.181818181818182,3,0,0,0,0
"5","chr3",179199176,"T","T","fwd",0,3,145,"T","G","TTG","TTG_fwd","GAAATTGGTAT",0.473406894723435,0.879588001734408,0.272727272727273,18,0,1,0,0
"6","chr10",113141228,"C","C","fwd",0,12,150,"C","C","CCC","CCC_fwd","CACCCCCTCAC",0.329867240861542,0.638764005203223,0.727272727272727,35,1,1,0,0
"7","chr5",112837841,"G","G","rev",1,57,172,"T","C","TGC","TGC_rev","AGCTTGCCATC",0.582872347692156,0.939794000867204,0.545454545454545,30,0,0,0,0
"8","chr10",113152297,"C","C","fwd",1,69,261,"T","A","TCA","TCA_fwd","TTGTTCATGTC",0.507481095616608,0.759176003468815,0.363636363636364,10,0,0,0,0
"9","chr3",179203723,"T","T","fwd",1,25,63,"A","A","ATA","ATA_fwd","ATAAATAGTGC",0.538822341779403,0.819382002601611,0.272727272727273,67,0,0,0,0
"10","chr5",112828714,"G","G","fwd",1,31,160,"T","A","TGA","TGA_fwd","AAAGTGATAGG",0.45001541440187,0.879588001734408,0.363636363636364,13,0,0,0,0
"11","chr5",112780884,"A","A","rev",0,24,153,"G","T","GAT","GAT_rev","CCAGGATATGG",0.582872347692156,0.879588001734408,0.545454545454545,41,0,0,0,0
"12","chr18",47848801,"A","A","rev",0,65,334,"C","A","CAA","CAA_rev","CTGGCAAAAGC",0.562213822100968,0.796657624451305,0.545454545454545,5,0,2,0,0
"13","chr5",112801384,"G","G","fwd",1,11,165,"G","T","GGT","GGT_fwd","GTCAGGTAAAT",0.562213822100968,0.879588001734408,0.363636363636364,23,0,0,0,0
"14","chr18",47841931,"T","T","fwd",1,122,363,"G","A","GTA","GTA_fwd","AGGAGTACTTG",0.562213822100968,0.939794000867204,0.454545454545455,4,0,4,0,0
"15","chr5",112815433,"T","T","rev",0,24,139,"A","G","ATG","ATG_rev","TAACATGATGT",0.548798146798983,0.879588001734408,0.272727272727273,62,2,0,0,0
"16","chr10",113158188,"C","C","rev",1,66,165,"C","T","CCT","CCT_rev","GAACCCTTCTT",0.548798146798983,0.819382002601611,0.454545454545455,9,0,4,0,0
"17","chrX",64192104,"C","C","fwd",1,11,170,"T","T","TCT","TCT_fwd","CTCCTCTTCTT",0.299232910250775,0.55583362792012,0.454545454545455,18,0,0,0,0
"18","chr5",112839528,"G","G","fwd",1,55,173,"T","G","TGG","TGG_fwd","AGATTGGAACT",0.562213822100968,0.939794000867204,0.363636363636364,32,0,0,0,0
"19","chr5",112839059,"A","A","fwd",0,13,99,"A","G","AAG","AAG_fwd","GAAGAAGAAGA",0.28467211739353,0.472903250637018,0.363636363636364,67,0,0,0,0
"20","chr5",112819307,"A","A","rev",1,70,166,"A","G","AAG","AAG_rev","CAGGAAGCTCA",0.562213822100968,0.879588001734408,0.545454545454545,27,0,0,0,0
"21","chr4",152328434,"G","G","rev",0,70,193,"A","T","AGT","AGT_rev","GAAAAGTGATT",0.463431089703855,0.796657624451305,0.272727272727273,36,0,0,0,0
"22","chr18",47841834,"A","A","rev",0,43,167,"C","T","CAT","CAT_rev","ATGACATGCTT",0.582872347692156,0.879588001734408,0.363636363636364,18,0,1,0,0
"23","chr5",112828728,"C","C","fwd",1,16,148,"G","G","GCG","GCG_fwd","ACAGGCGTGAG",0.538822341779403,0.939794000867204,0.636363636363636,42,0,0,0,0
"24","chr18",47848721,"G","G","rev",1,6,109,"G","A","GGA","GGA_rev","AAAAGGAAGAA",0.254475988785994,0.530102999566398,0.272727272727273,57,0,1,0,0
"25","chr17",7670770,"A","A","rev",0,21,181,"A","G","AAG","AAG_rev","TTAAAAGATGG",0.463431089703855,0.856863623584101,0.272727272727273,16,0,5,0,0
"26","chrX",64192393,"T","T","rev",1,69,179,"T","A","TTA","TTA_rev","GGGTTTACCTC",0.562213822100968,0.879588001734408,0.545454545454545,29,0,0,0,0
"27","chr3",179234221,"A","A","rev",0,9,91,"C","T","CAT","CAT_rev","CATACATTCGA",0.562213822100968,0.879588001734408,0.363636363636364,14,0,0,0,0
"28","chr5",112792357,"T","T","fwd",0,16,149,"C","G","CTG","CTG_fwd","AACCCTGAGCT",0.582872347692156,0.879588001734408,0.545454545454545,31,2,0,0,0
"29","chr7",140753124,"A","A","fwd",1,16,144,"A","T","AAT","AAT_fwd","AAAAAATCTAT",0.373479044771063,0.590308998699194,0.0909090909090909,10,0,1,0,0
"30","chr10",113141097,"C","C","fwd",0,69,216,"G","C","GCC","GCC_fwd","TGTGGCCAAGG",0.55948086737059,0.879588001734408,0.636363636363636,6,0,8,0,0
"31","chr4",152328134,"A","A","rev",1,41,114,"A","C","AAC","AAC_rev","CAGTAACTCTA",0.562213822100968,0.879588001734408,0.363636363636364,3,0,3,0,0
"32","chr18",47848406,"C","C","rev",0,23,147,"G","A","GCA","GCA_rev","TGTGGCACACC",0.582872347692156,0.819382002601611,0.636363636363636,13,0,0,0,0
"33","chr5",112839851,"C","C","fwd",0,40,92,"G","C","GCC","GCC_fwd","ATAAGCCCCAG",0.548798146798983,0.796657624451305,0.545454545454545,102,0,0,0,0
"34","chr5",112827310,"A","A","rev",0,107,350,"C","A","CAA","CAA_rev","CATACAAATAC",0.43208984354106,0.698970004336019,0.272727272727273,28,2,1,0,0
"35","chr17",7674217,"C","C","rev",0,70,310,"C","T","CCT","CCT_rev","TGGGCCTCCGG",0.45001541440187,0.796657624451305,0.818181818181818,14,0,6,0,0
"36","chr10",113157702,"G","G","fwd",0,28,362,"C","T","CGT","CGT_fwd","GTGCCGTCCCC",0.43208984354106,0.698970004336019,0.818181818181818,11,0,1,0,0
"37","chrX",64191544,"C","C","fwd",1,13,162,"C","T","CCT","CCT_fwd","GCCTCCTGGGC",0.45001541440187,0.759176003468815,0.818181818181818,19,0,2,0,0
"38","chr17",7675129,"G","G","rev",1,123,287,"T","G","TGG","TGG_rev","TAGATGGCCAT",0.596288022994141,0.939794000867204,0.454545454545455,40,0,5,0,0
"39","chr3",179203608,"T","T","rev",0,47,157,"C","T","CTT","CTT_rev","AAGCCTTTATT",0.538822341779403,0.856863623584101,0.272727272727273,8,0,2,0,0
"40","chr3",179218339,"G","G","fwd",0,6,177,"A","T","AGT","AGT_fwd","GGTAAGTGCTA",0.562213822100968,0.879588001734408,0.454545454545455,27,0,0,0,0
"41","chr12",25245242,"A","A","rev",0,12,111,"C","C","CAC","CAC_rev","CCTGCACCAGT",0.55948086737059,0.879588001734408,0.636363636363636,33,1,3,0,0
"42","chr18",51078339,"C","C","rev",1,30,149,"A","C","ACC","ACC_rev","GGGGACCGGAT",0.507481095616608,0.698970004336019,0.727272727272727,91,0,0,0,0
"43","chr17",7675053,"C","C","fwd",1,84,263,"C","A","CCA","CCA_fwd","CTCACCATCGC",0.507481095616608,0.879588001734408,0.636363636363636,20,0,3,0,0
"44","chr3",179234343,"T","T","fwd",0,32,74,"T","A","TTA","TTA_fwd","ACAATTAAACA",0.39413757036225,0.736451625318509,0.181818181818182,13,0,0,0,0
"45","chr5",112819197,"A","A","fwd",1,8,165,"C","A","CAA","CAA_fwd","TCCACAACATC",0.45001541440187,0.736451625318509,0.454545454545455,26,0,0,0,0
"46","chr4",152326099,"T","T","fwd",0,78,243,"C","C","CTC","CTC_fwd","TATGCTCCACT",0.548798146798983,0.939794000867204,0.454545454545455,33,0,0,0,0
"47","chr5",112840204,"C","C","fwd",1,17,328,"A","A","ACA","ACA_fwd","TGAAACAGAAT",0.507481095616608,0.796657624451305,0.272727272727273,9,0,2,0,0
"48","chr17",7670699,"C","C","rev",1,45,109,"G","G","GCG","GCG_rev","CGAAGCGCTCA",0.562213822100968,0.879588001734408,0.636363636363636,91,0,0,0,0
"49","chr17",72124220,"G","G","fwd",1,27,165,"C","C","CGC","CGC_fwd","GCCACGCGGCA",0.45001541440187,0.736451625318509,0.818181818181818,15,0,1,0,0
"50","chr17",72124135,"A","A","rev",0,13,172,"C","C","CAC","CAC_rev","CTCCCACACTA",0.43208984354106,0.759176003468815,0.545454545454545,3,0,3,0,0
"51","chr5",112828766,"A","A","fwd",1,59,137,"T","G","TAG","TAG_fwd","TTAATAGATTT",0.398015642647888,0.736451625318509,0.0909090909090909,23,1,0,0,0
"52","chr17",72123507,"T","T","fwd",0,38,102,"G","T","GTT","GTT_fwd","CCTTGTTGATT",0.507481095616608,0.796657624451305,0.363636363636364,21,0,0,0,0
"53","chr17",72124135,"A","A","rev",0,45,172,"C","C","CAC","CAC_rev","CTCCCACACTA",0.43208984354106,0.759176003468815,0.545454545454545,21,0,0,0,0
"54","chr17",7674129,"C","C","rev",1,56,182,"G","A","GCA","GCA_rev","GCAAGCAGAGG",0.45001541440187,0.736451625318509,0.636363636363636,13,0,2,0,0
"55","chrX",64192385,"G","G","fwd",1,77,216,"G","G","GGG","GGG_fwd","CATTGGGTGGG",0.486822570025421,0.698970004336019,0.636363636363636,8,0,4,0,0
"56","chr5",112815455,"T","T","fwd",1,20,147,"A","A","ATA","ATA_fwd","ACCTATAGTCT",0.562213822100968,0.879588001734408,0.363636363636364,62,0,0,0,0
"57","chr5",112801291,"A","A","rev",0,22,148,"G","A","GAA","GAA_rev","CTCAGAACAAG",0.538822341779403,0.819382002601611,0.454545454545455,47,0,1,0,0
"58","chr5",112839960,"A","A","fwd",0,4,113,"T","A","TAA","TAA_fwd","AAAATAAAGCA",0.384599967345902,0.650514997831991,0.181818181818182,27,0,0,0,0
"59","chr17",7673772,"C","C","rev",1,40,142,"G","G","GCG","GCG_rev","CTGTGCGCCGG",0.45001541440187,0.819382002601611,0.818181818181818,15,0,0,0,0
"60","chr5",112801196,"T","T","rev",1,55,174,"T","A","TTA","TTA_rev","AGCTTTAAAGC",0.582872347692156,0.759176003468815,0.363636363636364,42,0,0,0,0
"61","chr5",112801199,"A","A","rev",0,88,180,"A","G","AAG","AAG_rev","TTTAAAGCAAA",0.486822570025421,0.698970004336019,0.181818181818182,15,0,0,0,0
"62","chr12",25227410,"A","A","fwd",1,39,117,"A","T","AAT","AAT_fwd","TAGGAATCCTG",0.596288022994141,1,0.454545454545455,48,0,0,0,0
"63","chr5",112828072,"T","T","rev",0,19,185,"G","C","GTC","GTC_rev","CTCTGTCACCC",0.486822570025421,0.819382002601611,0.636363636363636,36,0,0,0,0
"64","chr18",51078488,"C","C","fwd",0,36,150,"C","T","CCT","CCT_fwd","GGGCCCTTAAC",0.582872347692156,0.879588001734408,0.636363636363636,34,0,0,0,0
"65","chr3",179203875,"G","G","fwd",0,7,122,"T","T","TGT","TGT_fwd","GACCTGTAGTA",0.596288022994141,0.879588001734408,0.454545454545455,12,0,2,0,0
"66","chr10",113158201,"C","C","rev",1,26,154,"C","T","CCT","CCT_rev","CTAGCCTTTTT",0.486822570025421,0.698970004336019,0.363636363636364,7,0,1,0,0
"67","chr10",113158147,"G","G","rev",0,61,131,"G","A","GGA","GGA_rev","TGGGGGAGGCA",0.448870296846611,0.650514997831991,0.727272727272727,35,1,0,0,0
"68","chr18",47848567,"A","A","fwd",1,69,159,"A","A","AAA","AAA_fwd","CTGTAAAGCCA",0.582872347692156,0.939794000867204,0.454545454545455,48,0,0,0,0
"69","chr4",152328216,"A","A","fwd",0,14,153,"C","T","CAT","CAT_fwd","TTTTCATGAAG",0.538822341779403,0.856863623584101,0.272727272727273,24,0,0,0,0
"70","chr17",7674889,"A","A","rev",1,70,437,"T","T","TAT","TAT_rev","ACACTATGTCG",0.596288022994141,0.939794000867204,0.454545454545455,6,0,5,0,0
"71","chr4",152328292,"A","A","fwd",0,110,308,"C","C","CAC","CAC_fwd","TCCACACTTTG",0.548798146798983,0.819382002601611,0.454545454545455,3,0,1,0,0
"72","chr5",112828832,"A","A","rev",0,33,157,"T","A","TAA","TAA_rev","AAATTAATCTA",0.398015642647888,0.736451625318509,0.0909090909090909,9,0,10,0,0
"73","chr4",152326111,"C","C","rev",0,25,162,"C","C","CCC","CCC_rev","ACAACCCTCCT",0.43208984354106,0.736451625318509,0.545454545454545,27,0,0,0,0
"74","chrX",64192108,"T","T","rev",1,1,87,"C","T","CTT","CTT_rev","TCTTCTTCCTC",0.299232910250775,0.55583362792012,0.454545454545455,24,0,0,0,0
"75","chr17",7674763,"T","T","fwd",1,41,130,"A","A","ATA","ATA_fwd","TCAAATAAGCA",0.507481095616608,0.796657624451305,0.272727272727273,21,0,0,0,0
"76","chr1",114716038,"A","A","rev",1,15,127,"C","C","CAC","CAC_rev","CTACCACTGGG",0.582872347692156,0.819382002601611,0.636363636363636,20,0,0,0,0
"77","chr18",47841904,"T","T","rev",0,22,147,"T","C","TTC","TTC_rev","TCCATTCAGAT",0.562213822100968,0.819382002601611,0.363636363636364,3,0,1,0,0
"78","chr18",51065537,"C","C","rev",0,1,89,"T","T","TCT","TCT_rev","CCCTTCTGGAG",0.562213822100968,0.879588001734408,0.636363636363636,5,0,0,0,0
"79","chr5",112840979,"A","A","rev",0,34,475,"C","A","CAA","CAA_rev","GACTCAAAAAA",0.448870296846611,0.650514997831991,0.272727272727273,4,0,11,0,0
"80","chrX",64192203,"G","G","rev",1,11,107,"A","G","AGG","AGG_rev","CACCAGGCAGG",0.473406894723435,0.736451625318509,0.727272727272727,28,0,0,0,0
"81","chr17",7670762,"G","G","rev",1,29,142,"T","A","TGA","TGA_rev","TACCTGAGTTA",0.582872347692156,0.939794000867204,0.363636363636364,42,0,0,0,0
"82","chrX",64192059,"A","A","fwd",0,24,82,"C","C","CAC","CAC_fwd","TTCCCACAGAT",0.562213822100968,0.879588001734408,0.454545454545455,9,0,0,0,0
"83","chr4",152326117,"G","G","rev",0,15,187,"T","C","TGC","TGC_rev","CTCCTGCCATC",0.486822570025421,0.819382002601611,0.636363636363636,52,0,0,0,0
"84","chr5",112828040,"T","T","fwd",1,77,284,"T","C","TTC","TTC_fwd","TTTTTTCTCTT",0.205916087314417,0.412697251504221,0.181818181818182,21,0,0,0,0
"85","chr17",7674874,"G","G","rev",1,112,311,"A","G","AGG","AGG_rev","TCATAGGGCAC",0.596288022994141,0.879588001734408,0.545454545454545,36,1,0,0,0
"86","chr3",179234279,"A","A","fwd",1,67,160,"A","A","AAA","AAA_fwd","CATGAAACAAA",0.448870296846611,0.698970004336019,0.272727272727273,43,0,0,0,0
"87","chr5",112792512,"C","C","fwd",0,23,159,"C","A","CCA","CCA_fwd","AGTCCCAAGCA",0.548798146798983,0.819382002601611,0.545454545454545,9,0,0,0,0
"88","chr5",112839312,"A","A","fwd",1,40,138,"A","G","AAG","AAG_fwd","GTAGAAGTGGT",0.463431089703855,0.796657624451305,0.454545454545455,11,0,0,0,0
"89","chr10",113141074,"A","A","fwd",1,38,140,"G","A","GAA","GAA_fwd","CTTAGAAAATC",0.538822341779403,0.856863623584101,0.272727272727273,12,0,0,0,0
"90","chr5",112828953,"G","G","rev",0,33,324,"T","T","TGT","TGT_rev","GGAATGTGCTT",0.548798146798983,0.939794000867204,0.454545454545455,13,0,3,0,0
"91","chr4",152328298,"A","A","fwd",0,26,143,"G","G","GAG","GAG_fwd","CTTTGAGTGTC",0.538822341779403,0.819382002601611,0.454545454545455,54,1,0,0,0
"92","chr5",112828969,"A","A","fwd",0,42,126,"A","A","AAA","AAA_fwd","GTTAAAAAGGT",0.463431089703855,0.698970004336019,0.272727272727273,16,0,0,0,0
"93","chr5",112838761,"T","T","rev",0,33,151,"A","A","ATA","ATA_rev","CATAATAGAAG",0.507481095616608,0.759176003468815,0.272727272727273,17,0,0,0,0
"94","chr5",112838751,"A","A","fwd",0,5,149,"C","A","CAA","CAA_fwd","GACCCAAACAC",0.405965408489117,0.676245626185713,0.545454545454545,42,0,0,0,0
"95","chr5",112780969,"C","C","rev",1,19,293,"T","T","TCT","TCT_rev","CAGCTCTGTTA",0.582872347692156,0.939794000867204,0.454545454545455,3,0,8,0,0
"96","chr18",51078449,"C","C","fwd",1,76,317,"A","C","ACC","ACC_fwd","GCAGACCCACA",0.45001541440187,0.736451625318509,0.636363636363636,3,0,1,0,0
"97","chr5",112838230,"A","A","rev",1,71,134,"C","G","CAG","CAG_rev","TTTGCAGATCT",0.55948086737059,0.939794000867204,0.363636363636364,4,0,2,0,0
"98","chr17",72123520,"G","G","fwd",1,122,321,"T","C","TGC","TGC_fwd","CTCGTGCTTGT",0.463431089703855,0.819382002601611,0.545454545454545,35,0,0,0,0
"99","chr17",7670597,"G","G","fwd",0,76,474,"T","A","TGA","TGA_fwd","GGGCTGAGGTC",0.507481095616608,0.856863623584101,0.727272727272727,5,0,12,0,0
"100","chr5",112828982,"A","A","rev",0,56,125,"G","A","GAA","GAA_rev","CTTTGAAAACA",0.538822341779403,0.796657624451305,0.272727272727273,8,0,4,0,0
"101","chr5",112840864,"A","C","fwd",0,21,169,"T","T","TCT","TCT_fwd","GTCTTCTTCTG",0.43208984354106,0.653521248035406,0.454545454545455,44,0,1,0,0
"102","chr10",113157941,"A","T","fwd",1,6,101,"C","T","CTT","CTT_fwd","CTGCCTTCTCC",0.398015642647888,0.736451625318509,0.636363636363636,58,0,1,0,0
"103","chr5",112815658,"G","A","rev",1,50,164,"C","G","CAG","CAG_rev","TGGCCAGGTGC",0.538822341779403,0.819382002601611,0.727272727272727,9,0,8,0,1
"104","chr5",112827939,"A","G","rev",1,4,162,"T","C","TGC","TGC_rev","GCTATGCTCTA",0.582872347692156,0.736451625318509,0.454545454545455,31,0,0,0,0
"105","chr5",112839045,"A","G","fwd",0,7,95,"A","A","AGA","AGA_fwd","AAGAAGAACAG",0.373479044771063,0.653521248035406,0.363636363636364,10,0,0,0,0
"106","chr17",7675880,"A","C","fwd",0,1,144,"A","T","ACT","ACT_fwd","AAACACTGACA",0.486822570025421,0.736451625318509,0.363636363636364,10,0,0,0,0
"107","chr5",112840876,"T","A","fwd",1,10,145,"A","C","AAC","AAC_fwd","ACCCAACAAAA",0.28467211739353,0.578558006070426,0.363636363636364,10,0,0,0,0
"108","chr5",112837904,"T","A","rev",1,13,208,"C","G","CAG","CAG_rev","TTATCAGAAAC",0.538822341779403,0.939794000867204,0.272727272727273,140,0,1,0,0
"109","chr17",7673669,"T","C","fwd",1,8,146,"T","T","TCT","TCT_fwd","TTGGTCTCCTC",0.45001541440187,0.796657624451305,0.545454545454545,4,0,0,0,0
"110","chr3",179218324,"G","T","fwd",1,12,103,"A","G","ATG","ATG_fwd","TTCTATGGAGT",0.538822341779403,1,0.363636363636364,26,0,0,0,0
"111","chr5",112827086,"A","C","rev",1,6,136,"T","C","TCC","TCC_rev","TTTTTCCTCTT",0.254475988785994,0.530102999566398,0.272727272727273,56,0,0,0,0
"112","chr17",7670723,"C","A","fwd",1,6,122,"C","A","CAA","CAA_fwd","GCAGCAACAGA",0.463431089703855,0.736451625318509,0.545454545454545,83,0,0,0,0
"113","chr5",112815653,"A","T","rev",1,51,174,"T","G","TTG","TTG_rev","ATTCTTGGCCA",0.582872347692156,0.939794000867204,0.454545454545455,28,0,7,0,1
"114","chrX",64192150,"C","G","rev",1,4,168,"C","T","CGT","CGT_rev","TCCTCGTCATC",0.50474814088623,0.759176003468815,0.545454545454545,55,0,2,0,0
"115","chr5",112815650,"G","T","rev",1,54,174,"T","C","TTC","TTC_rev","GACATTCTTGG",0.582872347692156,0.939794000867204,0.454545454545455,28,1,7,0,1
"116","chr12",25245546,"G","A","rev",1,11,116,"A","A","AAA","AAA_rev","CATGAAAATTC",0.538822341779403,0.796657624451305,0.272727272727273,35,0,0,0,0
"117","chrX",64192085,"C","T","rev",1,7,138,"T","C","TTC","TTC_rev","CTTCTTCCTCC",0.299232910250775,0.59331524890261,0.545454545454545,5,0,0,0,1
"118","chr17",7674109,"C","G","rev",1,8,130,"G","C","GGC","GGC_rev","GGTGGGCCCAG",0.486822570025421,0.796657624451305,0.818181818181818,17,0,2,0,0
"119","chr5",112837471,"A","C","rev",0,21,117,"G","C","GCC","GCC_rev","TTATGCCTTTT",0.448870296846611,0.759176003468815,0.272727272727273,3,0,2,0,0
"120","chr17",72124209,"C","A","rev",1,1,51,"T","C","TAC","TAC_rev","CTCCTACTACA",0.463431089703855,0.736451625318509,0.454545454545455,17,0,1,0,0
"121","chr5",112839139,"C","A","rev",1,7,99,"A","A","AAA","AAA_rev","TTTAAAATATG",0.405965408489117,0.676245626185713,0.0909090909090909,67,0,1,0,0
"122","chr17",7675880,"A","C","fwd",1,1,144,"A","T","ACT","ACT_fwd","AAACACTGACA",0.486822570025421,0.736451625318509,0.363636363636364,30,0,1,0,0
"123","chr17",7674134,"C","G","rev",1,6,125,"G","C","GGC","GGC_rev","CAGAGGCTGGG",0.507481095616608,0.796657624451305,0.727272727272727,12,0,0,0,0
"124","chr17",72124133,"T","C","rev",1,7,104,"C","C","CCC","CCC_rev","ACCTCCCACAC",0.373479044771063,0.653521248035406,0.636363636363636,19,0,0,0,0
"125","chr17",72124127,"T","A","rev",1,1,141,"C","A","CAA","CAA_rev","CCTTCAACCTC",0.43208984354106,0.819382002601611,0.545454545454545,11,0,0,0,0
"126","chr4",152328312,"G","A","rev",1,35,173,"T","G","TAG","TAG_rev","TCTGTAGATCC",0.582872347692156,0.939794000867204,0.454545454545455,25,1,0,0,0
"127","chr3",179234394,"T","C","rev",1,14,117,"T","T","TCT","TCT_rev","TCACTCTGGAT",0.582872347692156,0.879588001734408,0.454545454545455,19,0,1,0,0
"128","chr17",7670734,"A","G","fwd",1,3,126,"G","G","GGG","GGG_fwd","GGAGGGGGAGA",0.254475988785994,0.447172622283296,0.727272727272727,33,0,0,0,0
"129","chr3",179199063,"A","G","fwd",1,6,122,"G","A","GGA","GGA_fwd","AAAGGGAAGAA",0.28467211739353,0.578558006070426,0.363636363636364,39,0,0,0,1
"130","chr10",113141274,"G","A","fwd",1,7,127,"A","A","AAA","AAA_fwd","CGGGAAACCCA",0.473406894723435,0.819382002601611,0.636363636363636,61,0,0,0,0
"131","chr17",7675110,"C","G","fwd",0,4,123,"T","C","TGC","TGC_fwd","CATGTGCTGTG",0.548798146798983,0.698970004336019,0.545454545454545,54,1,0,0,0
"132","chr5",112827143,"T","G","rev",1,1,127,"G","A","GGA","GGA_rev","AAGTGGACTGT",0.562213822100968,0.879588001734408,0.454545454545455,4,0,0,0,0
"133","chr5",112780855,"A","G","rev",1,7,48,"C","A","CGA","CGA_rev","GTTGCGATGGA",0.538822341779403,0.879588001734408,0.545454545454545,11,0,0,0,0
"134","chr18",51078379,"A","G","rev",0,9,201,"T","G","TGG","TGG_rev","TTGCTGGATTG",0.50474814088623,0.796657624451305,0.454545454545455,43,0,0,0,0
"135","chr17",7674153,"C","G","rev",1,6,155,"A","T","AGT","AGT_rev","GGCCAGTGTGC",0.538822341779403,0.819382002601611,0.727272727272727,14,0,0,0,0
"136","chr5",112819224,"G","A","rev",0,3,132,"C","A","CAA","CAA_rev","ATGACAAGAGA",0.486822570025421,0.796657624451305,0.363636363636364,27,0,2,0,0
"137","chr17",7670684,"T","C","rev",0,10,161,"T","G","TCG","TCG_rev","GCTCTCGGAAC",0.582872347692156,0.879588001734408,0.636363636363636,32,0,0,0,0
"138","chr4",152326266,"T","A","fwd",0,9,83,"C","A","CAA","CAA_fwd","AAAACAAAAAA",0.132301776067316,0.277528010406445,0.0909090909090909,6,0,4,0,0
"139","chr5",112828960,"C","A","rev",0,3,56,"T","G","TAG","TAG_rev","GCTTTAGAAGT",0.562213822100968,0.879588001734408,0.363636363636364,15,0,1,0,0
"140","chr5",112835068,"C","A","rev",1,7,131,"T","C","TAC","TAC_rev","CTCTTACTTAC",0.45001541440187,0.676245626185713,0.363636363636364,37,0,1,0,0
"141","chr5",112840246,"G","A","fwd",1,4,116,"A","A","AAA","AAA_fwd","AGAGAAAGAGG",0.299232910250775,0.55583362792012,0.454545454545455,13,0,0,0,0
"142","chr10",113157947,"C","T","fwd",1,9,105,"C","T","CTT","CTT_fwd","TCTCCTTCCAG",0.50474814088623,0.736451625318509,0.545454545454545,9,0,1,0,0
"143","chr4",152326037,"C","T","fwd",1,31,111,"C","G","CTG","CTG_fwd","GCCCCTGCAAC",0.507481095616608,0.796657624451305,0.727272727272727,16,1,0,0,0
"144","chr17",7673730,"G","T","rev",1,13,300,"G","G","GTG","GTG_rev","GCTCGTGGTGA",0.538822341779403,0.879588001734408,0.636363636363636,3,0,2,1,0
"145","chrX",64191538,"G","T","fwd",1,7,154,"G","G","GTG","GTG_fwd","GCACGTGCCTC",0.538822341779403,0.939794000867204,0.727272727272727,18,0,0,0,0
"146","chrX",64191420,"A","C","rev",1,27,110,"G","C","GCC","GCC_rev","TCTGGCCTCCC",0.43208984354106,0.736451625318509,0.727272727272727,4,0,0,0,0
"147","chr1",114716060,"T","G","rev",0,22,186,"G","G","GGG","GGG_rev","TGGTGGGATCA",0.538822341779403,0.796657624451305,0.545454545454545,3,0,1,0,0
"148","chr17",7674136,"G","T","rev",0,2,142,"C","G","CTG","CTG_rev","GAGGCTGGGGC",0.448870296846611,0.698970004336019,0.818181818181818,88,2,1,0,0
"149","chr5",112838608,"G","C","fwd",1,8,142,"G","C","GCC","GCC_fwd","CCTAGCCCATA",0.538822341779403,0.796657624451305,0.545454545454545,12,0,0,0,0
"150","chr5",112838028,"C","G","rev",1,11,150,"A","A","AGA","AGA_rev","GGTCAGACAAT",0.582872347692156,0.939794000867204,0.454545454545455,12,0,1,0,0
"151","chr10",113157947,"A","T","fwd",1,12,51,"C","T","CTT","CTT_fwd","TCTCCTTCCAG",0.50474814088623,0.736451625318509,0.545454545454545,5,0,1,0,0
"152","chr17",7674169,"C","G","rev",1,8,211,"A","T","AGT","AGT_rev","GGCAAGTGGCT",0.55948086737059,0.879588001734408,0.636363636363636,11,0,1,0,0
"153","chr17",7673688,"A","C","fwd",1,6,129,"T","C","TCC","TCC_fwd","CTTGTCCTGCT",0.45001541440187,0.796657624451305,0.545454545454545,18,0,0,0,0
"154","chr5",112827083,"C","T","rev",1,7,199,"T","T","TTT","TTT_rev","GTCTTTTTCCT",0.373479044771063,0.638764005203223,0.363636363636364,5,0,2,0,0
"155","chrX",64192292,"T","A","rev",0,6,183,"T","T","TAT","TAT_rev","CTGCTATTATG",0.55948086737059,0.759176003468815,0.363636363636364,10,0,2,0,0
"156","chr5",112827330,"T","C","rev",1,7,151,"T","T","TCT","TCT_rev","ATTTTCTTTTT",0.260648813798777,0.40843137199002,0.0909090909090909,6,0,3,0,0
"157","chr5",112839602,"C","A","rev",1,7,52,"G","C","GAC","GAC_rev","AGCAGACTGCA",0.562213822100968,0.819382002601611,0.545454545454545,7,0,0,0,0
"158","chr1",114716093,"G","A","rev",1,1,55,"T","G","TAG","TAG_rev","GGATTAGCTGG",0.538822341779403,0.939794000867204,0.545454545454545,22,0,1,0,0
"159","chr3",179234262,"A","T","fwd",1,6,117,"C","T","CTT","CTT_fwd","GAGGCTTTGGA",0.538822341779403,0.819382002601611,0.545454545454545,4,0,0,0,0
"160","chr5",112838754,"T","C","fwd",1,4,144,"A","A","ACA","ACA_fwd","CCAAACACATA",0.398015642647888,0.736451625318509,0.363636363636364,11,0,0,0,0
"161","chr17",72123566,"A","C","rev",1,6,105,"C","C","CCC","CCC_rev","CGACCCCACCC",0.329867240861542,0.590308998699194,0.818181818181818,44,0,0,0,0
"162","chr1",114716120,"C","A","fwd",0,3,148,"A","C","AAC","AAC_fwd","TCCCAACACCA",0.398015642647888,0.653521248035406,0.545454545454545,40,0,0,0,0
"163","chr10",113141213,"C","T","rev",1,11,127,"C","C","CTC","CTC_rev","CACCCTCACCA",0.373479044771063,0.653521248035406,0.636363636363636,94,0,0,0,0
"164","chr5",112840406,"C","T","fwd",0,3,112,"C","G","CTG","CTG_fwd","CCACCTGTGGC",0.538822341779403,0.879588001734408,0.727272727272727,4,0,4,0,0
"165","chr17",7674110,"A","C","rev",1,6,127,"G","C","GCC","GCC_rev","GTGGGCCCAGG",0.486822570025421,0.796657624451305,0.818181818181818,40,0,0,0,0
"166","chr17",7674865,"T","C","rev",0,61,159,"G","G","GCG","GCG_rev","TCAGGCGGCTC",0.548798146798983,0.819382002601611,0.727272727272727,27,0,0,0,0
"167","chr4",152324390,"G","T","fwd",0,2,65,"A","C","ATC","ATC_fwd","TACCATCAAAC",0.45001541440187,0.819382002601611,0.363636363636364,12,0,0,0,0
"168","chr17",72124323,"C","T","rev",1,8,136,"A","C","ATC","ATC_rev","TTCCATCCCGC",0.486822570025421,0.796657624451305,0.636363636363636,9,0,5,0,0
"169","chr17",7674199,"C","A","rev",1,7,144,"G","T","GAT","GAT_rev","GTGTGATGATG",0.45001541440187,0.578558006070426,0.454545454545455,6,0,1,0,0
"170","chr17",7674170,"G","T","fwd",1,8,102,"G","G","GTG","GTG_fwd","GCAAGTGGCTC",0.582872347692156,0.939794000867204,0.636363636363636,32,0,0,0,1
"171","chr17",7674938,"C","T","rev",1,1,31,"T","C","TTC","TTC_rev","TTCCTTCCACT",0.405965408489117,0.759176003468815,0.454545454545455,3,0,0,0,0
"172","chr17",7675227,"G","C","fwd",1,6,105,"G","A","GCA","GCA_fwd","GAGGGCAGGGG",0.329867240861542,0.590308998699194,0.818181818181818,13,0,0,0,0
"173","chr1",114713737,"T","A","fwd",1,7,160,"C","T","CAT","CAT_fwd","ACCTCATTTCC",0.45001541440187,0.819382002601611,0.454545454545455,12,0,0,0,0
"174","chr10",113141155,"A","G","rev",1,10,148,"C","G","CGG","CGG_rev","TTGACGGTGTC",0.548798146798983,0.879588001734408,0.545454545454545,13,0,0,0,0
"175","chr4",152326264,"G","A","fwd",0,7,83,"A","C","AAC","AAC_fwd","ACAAAACAAAA",0.205916087314417,0.412697251504221,0.181818181818182,6,0,4,0,0
"176","chr4",152326117,"C","G","rev",1,1,111,"T","C","TGC","TGC_rev","CTCCTGCCATC",0.486822570025421,0.819382002601611,0.636363636363636,3,0,0,0,0
"177","chr5",112840386,"A","G","fwd",0,7,67,"T","C","TGC","TGC_fwd","AGACTGCTTCA",0.596288022994141,0.939794000867204,0.454545454545455,4,0,2,0,0
"178","chr1",114716198,"A","G","rev",0,2,162,"A","G","AGG","AGG_rev","AATCAGGGTTA",0.562213822100968,0.939794000867204,0.363636363636364,39,0,0,0,0
"179","chr18",51065594,"C","T","rev",1,6,257,"A","T","ATT","ATT_rev","AGCCATTGAGA",0.582872347692156,0.879588001734408,0.454545454545455,9,0,6,0,0
"180","chr17",72124149,"G","C","fwd",1,7,66,"T","C","TCC","TCC_fwd","CCCCTCCTACC",0.329867240861542,0.590308998699194,0.727272727272727,22,0,0,0,0
"181","chr17",7674119,"G","C","fwd",1,12,122,"T","A","TCA","TCA_fwd","GGGGTCAGAGG",0.448870296846611,0.698970004336019,0.727272727272727,28,0,0,0,0
"182","chr5",112841023,"T","A","rev",1,6,169,"G","T","GAT","GAT_rev","CAAAGATTCAA",0.507481095616608,0.796657624451305,0.272727272727273,35,0,1,0,0
"183","chr17",7675248,"A","G","rev",1,8,107,"A","G","AGG","AGG_rev","GAAGAGGAAGG",0.299232910250775,0.59331524890261,0.545454545454545,31,0,0,0,0
"184","chr17",7673808,"A","T","rev",0,7,125,"C","C","CTC","CTC_rev","GCACCTCAAAG",0.548798146798983,0.879588001734408,0.545454545454545,45,0,0,0,0
"185","chrX",64192150,"T","G","rev",1,9,131,"C","T","CGT","CGT_rev","TCCTCGTCATC",0.50474814088623,0.759176003468815,0.545454545454545,19,0,2,0,0
"186","chr17",72124253,"A","T","rev",1,6,65,"C","T","CTT","CTT_rev","CCACCTTCACC",0.39413757036225,0.736451625318509,0.636363636363636,17,0,0,0,0
"187","chr12",25225607,"C","T","rev",1,9,114,"T","A","TTA","TTA_rev","AGTGTTACTTA",0.538822341779403,0.819382002601611,0.272727272727273,95,0,0,0,0
"188","chr5",112840255,"G","A","fwd",1,10,80,"G","A","GAA","GAA_fwd","GGCAGAAAAAA",0.373479044771063,0.650514997831991,0.363636363636364,71,1,0,0,0
"189","chr17",7675310,"T","G","rev",1,9,296,"A","C","AGC","AGC_rev","CGGCAGCAAAG",0.473406894723435,0.759176003468815,0.636363636363636,13,0,2,0,0
"190","chr17",7673802,"T","C","rev",0,80,288,"A","G","ACG","ACG_rev","AAACACGCACC",0.405965408489117,0.736451625318509,0.545454545454545,9,0,8,0,0
"191","chr5",112837496,"T","G","fwd",1,7,75,"T","T","TGT","TGT_fwd","TATTTGTTGTT",0.329867240861542,0.638764005203223,0.181818181818182,73,0,0,0,0
"192","chr5",112839513,"G","A","fwd",1,5,178,"A","T","AAT","AAT_fwd","CAGAAATAAAA",0.384599967345902,0.650514997831991,0.181818181818182,17,0,0,0,0
"193","chr17",7675833,"G","A","fwd",0,1,139,"G","C","GAC","GAC_fwd","TTGGGACAGGA",0.538822341779403,0.796657624451305,0.545454545454545,9,0,2,0,0
"194","chr10",113157941,"A","T","fwd",1,6,51,"C","T","CTT","CTT_fwd","CTGCCTTCTCC",0.398015642647888,0.736451625318509,0.636363636363636,5,0,1,0,0
"195","chr3",179234413,"T","G","rev",1,100,238,"T","T","TGT","TGT_rev","GCACTGTTAAT",0.582872347692156,1,0.363636363636364,15,0,0,0,0
"196","chr17",72124167,"C","G","rev",1,6,51,"C","C","CGC","CGC_rev","CACCCGCTCAC",0.448870296846611,0.819382002601611,0.727272727272727,16,0,0,0,0
"197","chr5",112838754,"T","C","fwd",0,4,144,"A","A","ACA","ACA_fwd","CCAAACACATA",0.398015642647888,0.736451625318509,0.363636363636364,57,0,0,0,0
"198","chr10",113152372,"T","G","rev",0,69,146,"C","A","CGA","CGA_rev","ACTACGAGCTG",0.596288022994141,0.879588001734408,0.545454545454545,3,0,1,0,0
"199","chr17",7673685,"A","T","rev",1,8,125,"T","G","TTG","TTG_rev","CTTCTTGTCCT",0.398015642647888,0.736451625318509,0.454545454545455,37,0,0,0,0
"200","chr1",114716083,"C","G","rev",1,8,66,"G","T","GGT","GGT_rev","AAGTGGTTCTG",0.548798146798983,0.879588001734408,0.454545454545455,10,0,0,0,0
